{
    "loss": 0.10500878095626831,
    "accuracy": 0.971222996711731
}