{
    "loss": 0.22747297585010529,
    "accuracy": 0.9208633303642273
}